{
  "kappa_lo": [
    [
      1.0,
      0.0,
      0.0,
      0.0
    ],
    [
      0.0,
      1.0,
      -0.012269938650314857,
      0.0
    ],
    [
      0.0,
      -0.012269938650314857,
      1.0,
      0.0
    ],
    [
      0.0,
      0.0,
      0.0,
      1.0
    ]
  ],
  "kappa_hi": [
    [
      1.0,
      1.0,
      1.0,
      1.0
    ],
    [
      1.0,
      1.0,
      0.8546762589928059,
      1.0
    ],
    [
      1.0,
      0.8546762589928059,
      1.0,
      1.0
    ],
    [
      1.0,
      1.0,
      1.0,
      1.0
    ]
  ],
  "joint_fp_lo": [
    [
      0.0,
      0.0,
      0.0,
      0.0
    ],
    [
      0.0,
      0.0,
      0.0,
      0.0
    ],
    [
      0.0,
      0.0,
      0.005405405405405406,
      0.0
    ],
    [
      0.0,
      0.0,
      0.0,
      0.0
    ]
  ],
  "joint_fp_hi": [
    [
      0.02631578947368421,
      0.02631578947368421,
      0.02631578947368421,
      0.02631578947368421
    ],
    [
      0.02631578947368421,
      0.03314917127071823,
      0.02631578947368421,
      0.02631578947368421
    ],
    [
      0.02631578947368421,
      0.02631578947368421,
      0.046875,
      0.02631578947368421
    ],
    [
      0.02631578947368421,
      0.02631578947368421,
      0.02631578947368421,
      0.02631578947368421
    ]
  ],
  "ratio_lo": [
    [
      1.0,
      1.0,
      1.0,
      1.0
    ],
    [
      1.0,
      1.0,
      0.0,
      1.0
    ],
    [
      1.0,
      0.0,
      20.77777777777778,
      1.0
    ],
    [
      1.0,
      1.0,
      1.0,
      1.0
    ]
  ],
  "ratio_hi": [
    [
      203.0,
      199.0,
      97.5,
      203.0
    ],
    [
      199.0,
      202.0,
      92.99999999999999,
      199.0
    ],
    [
      97.5,
      92.99999999999999,
      103.5,
      97.5
    ],
    [
      203.0,
      199.0,
      97.5,
      203.0
    ]
  ],
  "cig_lo": [
    [
      0.0,
      0.0,
      0.0,
      0.0
    ],
    [
      0.0,
      0.0,
      0.0,
      0.0
    ],
    [
      0.0,
      0.0,
      0.0,
      0.0
    ],
    [
      0.0,
      0.0,
      0.0,
      0.0
    ]
  ],
  "cig_hi": [
    [
      0.0,
      0.11053517597060411,
      0.09962338946616205,
      0.12169240267806193
    ],
    [
      0.11053517597060411,
      0.0,
      0.08973298921809442,
      0.11053517597060411
    ],
    [
      0.09962338946616205,
      0.08973298921809442,
      0.0,
      0.09962338946616205
    ],
    [
      0.12169240267806193,
      0.11053517597060411,
      0.09962338946616205,
      0.0
    ]
  ],
  "n_bootstrap": 500
}