{
  "kappa_lo": [
    [
      1.0,
      0.0,
      0.0,
      0.0
    ],
    [
      0.0,
      1.0,
      -0.03448275862068969,
      0.0
    ],
    [
      0.0,
      -0.03448275862068969,
      1.0,
      0.0
    ],
    [
      0.0,
      0.0,
      0.0,
      1.0
    ]
  ],
  "kappa_hi": [
    [
      1.0,
      1.0,
      1.0,
      1.0
    ],
    [
      1.0,
      1.0,
      1.0,
      1.0
    ],
    [
      1.0,
      1.0,
      1.0,
      1.0
    ],
    [
      1.0,
      1.0,
      1.0,
      1.0
    ]
  ],
  "joint_fp_lo": [
    [
      0.0,
      0.0,
      0.0,
      0.0
    ],
    [
      0.0,
      0.0,
      0.0,
      0.0
    ],
    [
      0.0,
      0.0,
      0.018867924528301886,
      0.0
    ],
    [
      0.0,
      0.0,
      0.0,
      0.0
    ]
  ],
  "joint_fp_hi": [
    [
      0.10526315789473684,
      0.10526315789473684,
      0.10526315789473684,
      0.10526315789473684
    ],
    [
      0.10526315789473684,
      0.14545454545454545,
      0.10526315789473684,
      0.10526315789473684
    ],
    [
      0.10526315789473684,
      0.10526315789473684,
      0.17073170731707318,
      0.10526315789473684
    ],
    [
      0.10526315789473684,
      0.10526315789473684,
      0.10526315789473684,
      0.10526315789473684
    ]
  ],
  "ratio_lo": [
    [
      1.0,
      1.0,
      1.0,
      1.0
    ],
    [
      1.0,
      1.0,
      0.0,
      1.0
    ],
    [
      1.0,
      0.0,
      4.888888888888888,
      1.0
    ],
    [
      1.0,
      1.0,
      1.0,
      1.0
    ]
  ],
  "ratio_hi": [
    [
      55.0,
      49.00000000000001,
      42.00000000000001,
      55.0
    ],
    [
      49.00000000000001,
      50.0,
      23.0,
      49.00000000000001
    ],
    [
      42.00000000000001,
      23.0,
      46.0,
      42.00000000000001
    ],
    [
      55.0,
      49.00000000000001,
      42.00000000000001,
      55.0
    ]
  ],
  "cig_lo": [
    [
      0.0,
      0.0,
      0.0,
      0.0
    ],
    [
      0.0,
      0.0,
      0.0,
      0.0
    ],
    [
      0.0,
      0.0,
      0.0,
      0.0
    ],
    [
      0.0,
      0.0,
      0.0,
      0.0
    ]
  ],
  "cig_hi": [
    [
      0.0,
      0.3196905981112379,
      0.29543919187211587,
      0.336495757583516
    ],
    [
      0.3196905981112379,
      0.0,
      0.2663844632679204,
      0.3196905981112379
    ],
    [
      0.29543919187211587,
      0.2663844632679204,
      0.0,
      0.29543919187211587
    ],
    [
      0.336495757583516,
      0.3196905981112379,
      0.29543919187211587,
      0.0
    ]
  ],
  "n_bootstrap": 500
}