{
  "kappa_lo": [
    [
      1.0,
      0.0,
      -2.9976021664879274e-15,
      0.0
    ],
    [
      0.0,
      1.0,
      -2.9976021664879274e-15,
      0.0
    ],
    [
      -2.9976021664879274e-15,
      -2.9976021664879274e-15,
      1.0,
      -2.9976021664879274e-15
    ],
    [
      0.0,
      0.0,
      -2.9976021664879274e-15,
      1.0
    ]
  ],
  "kappa_hi": [
    [
      1.0,
      0.0,
      0.0,
      0.0
    ],
    [
      0.0,
      1.0,
      0.0,
      0.0
    ],
    [
      0.0,
      0.0,
      1.0,
      0.0
    ],
    [
      0.0,
      0.0,
      0.0,
      1.0
    ]
  ],
  "joint_fp_lo": [
    [
      0.0,
      0.0,
      0.0,
      0.0
    ],
    [
      0.0,
      0.0,
      0.0,
      0.0
    ],
    [
      0.0,
      0.0,
      0.0,
      0.0
    ],
    [
      0.0,
      0.0,
      0.0,
      0.0
    ]
  ],
  "joint_fp_hi": [
    [
      0.0,
      0.0,
      0.0,
      0.0
    ],
    [
      0.0,
      0.0,
      0.0,
      0.0
    ],
    [
      0.0,
      0.0,
      0.1111111111111111,
      0.0
    ],
    [
      0.0,
      0.0,
      0.0,
      0.0
    ]
  ],
  "ratio_lo": [
    [
      1.0,
      1.0,
      1.0,
      1.0
    ],
    [
      1.0,
      1.0,
      1.0,
      1.0
    ],
    [
      1.0,
      1.0,
      1.0,
      1.0
    ],
    [
      1.0,
      1.0,
      1.0,
      1.0
    ]
  ],
  "ratio_hi": [
    [
      1.0,
      1.0,
      1.0,
      1.0
    ],
    [
      1.0,
      1.0,
      1.0,
      1.0
    ],
    [
      1.0,
      1.0,
      30.0,
      1.0
    ],
    [
      1.0,
      1.0,
      1.0,
      1.0
    ]
  ],
  "cig_lo": [
    [
      0.0,
      0.0,
      -1.1102230246251565e-16,
      0.0
    ],
    [
      0.0,
      0.0,
      -1.1102230246251565e-16,
      0.0
    ],
    [
      -1.1102230246251565e-16,
      -1.1102230246251565e-16,
      0.0,
      -1.1102230246251565e-16
    ],
    [
      0.0,
      0.0,
      -1.1102230246251565e-16,
      0.0
    ]
  ],
  "cig_hi": [
    [
      0.0,
      0.0,
      0.0,
      0.0
    ],
    [
      0.0,
      0.0,
      0.0,
      0.0
    ],
    [
      0.0,
      0.0,
      0.0,
      0.0
    ],
    [
      0.0,
      0.0,
      0.0,
      0.0
    ]
  ],
  "n_bootstrap": 500
}