{
  "extractor_ids": [
    "E05_gpt_oss_120B",
    "E06_gpt_5_mini",
    "E07_claude_sonnet_4_6",
    "E09_qwen3_coder_480B"
  ],
  "n_problems": 175,
  "n_wrong": 47,
  "pi": [
    0.0425531914893617,
    0.06382978723404255,
    0.0851063829787234,
    0.0425531914893617
  ],
  "kappa": [
    [
      1.0,
      0.7892376681614347,
      0.6466165413533839,
      1.0
    ],
    [
      0.7892376681614347,
      1.0,
      0.5377049180327867,
      0.7892376681614347
    ],
    [
      0.6466165413533839,
      0.5377049180327867,
      1.0,
      0.6466165413533839
    ],
    [
      1.0,
      0.7892376681614347,
      0.6466165413533839,
      1.0
    ]
  ],
  "joint_fp": [
    [
      0.0425531914893617,
      0.0425531914893617,
      0.0425531914893617,
      0.0425531914893617
    ],
    [
      0.0425531914893617,
      0.06382978723404255,
      0.0425531914893617,
      0.0425531914893617
    ],
    [
      0.0425531914893617,
      0.0425531914893617,
      0.0851063829787234,
      0.0425531914893617
    ],
    [
      0.0425531914893617,
      0.0425531914893617,
      0.0425531914893617,
      0.0425531914893617
    ]
  ],
  "indep_bound": [
    [
      0.0018107741059302852,
      0.0027161611588954276,
      0.0036215482118605704,
      0.0018107741059302852
    ],
    [
      0.0027161611588954276,
      0.004074241738343141,
      0.005432322317790855,
      0.0027161611588954276
    ],
    [
      0.0036215482118605704,
      0.005432322317790855,
      0.007243096423721141,
      0.0036215482118605704
    ],
    [
      0.0018107741059302852,
      0.0027161611588954276,
      0.0036215482118605704,
      0.0018107741059302852
    ]
  ],
  "cig": [
    [
      0.0,
      0.13534656116391558,
      0.11698387568827001,
      0.17597512509762708
    ],
    [
      0.13534656116391558,
      0.0,
      0.07733376154900928,
      0.13534656116391558
    ],
    [
      0.11698387568827001,
      0.07733376154900928,
      0.0,
      0.11698387568827001
    ],
    [
      0.17597512509762708,
      0.13534656116391558,
      0.11698387568827001,
      0.0
    ]
  ],
  "ratio": [
    [
      23.5,
      15.666666666666668,
      11.75,
      23.5
    ],
    [
      15.666666666666668,
      15.666666666666668,
      7.833333333333334,
      15.666666666666668
    ],
    [
      11.75,
      7.833333333333334,
      11.75,
      11.75
    ],
    [
      23.5,
      15.666666666666668,
      11.75,
      23.5
    ]
  ]
}