{
  "extractor_ids": [
    "E05_gpt_oss_120B",
    "E06_gpt_5_mini",
    "E07_claude_sonnet_4_6",
    "E09_qwen3_coder_480B"
  ],
  "n_problems": 330,
  "n_wrong": 192,
  "pi": [
    0.010416666666666666,
    0.015625,
    0.026041666666666668,
    0.010416666666666666
  ],
  "kappa": [
    [
      1.0,
      0.7974683544303786,
      0.5649546827794542,
      1.0
    ],
    [
      0.7974683544303786,
      1.0,
      0.49003984063744976,
      0.7974683544303786
    ],
    [
      0.5649546827794542,
      0.49003984063744976,
      1.0,
      0.5649546827794542
    ],
    [
      1.0,
      0.7974683544303786,
      0.5649546827794542,
      1.0
    ]
  ],
  "joint_fp": [
    [
      0.010416666666666666,
      0.010416666666666666,
      0.010416666666666666,
      0.010416666666666666
    ],
    [
      0.010416666666666666,
      0.015625,
      0.010416666666666666,
      0.010416666666666666
    ],
    [
      0.010416666666666666,
      0.010416666666666666,
      0.026041666666666668,
      0.010416666666666666
    ],
    [
      0.010416666666666666,
      0.010416666666666666,
      0.010416666666666666,
      0.010416666666666666
    ]
  ],
  "indep_bound": [
    [
      0.00010850694444444444,
      0.00016276041666666666,
      0.0002712673611111111,
      0.00010850694444444444
    ],
    [
      0.00016276041666666666,
      0.000244140625,
      0.0004069010416666667,
      0.00016276041666666666
    ],
    [
      0.0002712673611111111,
      0.0004069010416666667,
      0.0006781684027777779,
      0.0002712673611111111
    ],
    [
      0.00010850694444444444,
      0.00016276041666666666,
      0.0002712673611111111,
      0.00010850694444444444
    ]
  ],
  "cig": [
    [
      0.0,
      0.04796198360852788,
      0.04038117199310162,
      0.05790751748813433
    ],
    [
      0.04796198360852788,
      0.0,
      0.03051875177530608,
      0.04796198360852788
    ],
    [
      0.04038117199310162,
      0.03051875177530608,
      0.0,
      0.04038117199310162
    ],
    [
      0.05790751748813433,
      0.04796198360852788,
      0.04038117199310162,
      0.0
    ]
  ],
  "ratio": [
    [
      96.0,
      64.0,
      38.4,
      96.0
    ],
    [
      64.0,
      64.0,
      25.599999999999998,
      64.0
    ],
    [
      38.4,
      25.599999999999998,
      38.4,
      38.4
    ],
    [
      96.0,
      64.0,
      38.4,
      96.0
    ]
  ]
}