{
  "extractor_ids": [
    "E01_llama_3_3_70B",
    "E03_deepseek_v3"
  ],
  "n_problems": 323,
  "n_wrong": 108,
  "pi": [
    0.009259259259259259,
    0.0
  ],
  "kappa": [
    [
      1.0,
      0.0
    ],
    [
      0.0,
      1.0
    ]
  ],
  "joint_fp": [
    [
      0.009259259259259259,
      0.0
    ],
    [
      0.0,
      0.0
    ]
  ],
  "indep_bound": [
    [
      8.573388203017832e-05,
      0.0
    ],
    [
      0.0,
      0.0
    ]
  ],
  "cig": [
    [
      0.0,
      0.0
    ],
    [
      0.0,
      0.0
    ]
  ],
  "ratio": [
    [
      108.0,
      1.0
    ],
    [
      1.0,
      1.0
    ]
  ]
}