{
  "n_test": 53,
  "naive": {
    "n_correct": 25,
    "n_committed": 26
  },
  "dajv": {
    "n_correct": 32,
    "n_committed": 33
  },
  "calibration_marginals_pos": [
    0.8068181818181818,
    0.7045454545454546,
    0.7613636363636364,
    0.6590909090909091
  ],
  "calibration_marginals_neg": [
    0.029411764705882353,
    0.058823529411764705,
    0.058823529411764705,
    0.029411764705882353
  ]
}