{
  "math175": {
    "n_seeds_used": 10,
    "dajv": {
      "precision": {
        "mean": 0.9844574780058651,
        "std": 0.022364286864364858,
        "n": 10
      },
      "coverage": {
        "mean": 0.5792452830188679,
        "std": 0.06539066027959763,
        "n": 10
      },
      "ece": {
        "mean": 0.11967404635989376,
        "std": 0.051107400997639066,
        "n": 10
      },
      "brier": {
        "mean": 0.14162486279051545,
        "std": 0.035269759431041624,
        "n": 10
      }
    },
    "naive": {
      "precision": {
        "mean": 0.9799114331723028,
        "std": 0.027658445257364276,
        "n": 10
      },
      "coverage": {
        "mean": 0.46037735849056605,
        "std": 0.06110670591945216,
        "n": 10
      },
      "ece": {
        "mean": 0.21462264150943397,
        "std": 0.03648679681091915,
        "n": 10
      },
      "brier": {
        "mean": 0.18997641509433963,
        "std": 0.03522174896585346,
        "n": 10
      }
    }
  },
  "aime": {
    "n_seeds_used": 3,
    "dajv": {
      "precision": {
        "mean": 0.0,
        "std": 0.0,
        "n": 3
      },
      "coverage": {
        "mean": 0.0,
        "std": 0.0,
        "n": 3
      },
      "ece": {
        "mean": 0.0024211667931769904,
        "std": 0.0020967919496596883,
        "n": 3
      },
      "brier": {
        "mean": 7.913765664308363e-05,
        "std": 6.853522104888077e-05,
        "n": 3
      }
    },
    "naive": {
      "precision": {
        "mean": 0.0,
        "std": 0.0,
        "n": 3
      },
      "coverage": {
        "mean": 0.0,
        "std": 0.0,
        "n": 3
      },
      "ece": {
        "mean": 0.018518518518518517,
        "std": 0.016037507477489603,
        "n": 3
      },
      "brier": {
        "mean": 0.004629629629629629,
        "std": 0.004009376869372401,
        "n": 3
      }
    }
  },
  "cleanmath": {
    "n_seeds_used": 10,
    "dajv": {
      "precision": {
        "mean": 0.8,
        "std": 0.4216370213557839,
        "n": 10
      },
      "coverage": {
        "mean": 0.042105263157894736,
        "std": 0.03552360830055541,
        "n": 10
      },
      "ece": {
        "mean": 0.03296557186510815,
        "std": 0.015730454545966673,
        "n": 10
      },
      "brier": {
        "mean": 0.023584430742030524,
        "std": 0.022740619250098678,
        "n": 10
      }
    },
    "naive": {
      "precision": {
        "mean": 0.7,
        "std": 0.48304589153964794,
        "n": 10
      },
      "coverage": {
        "mean": 0.02631578947368421,
        "std": 0.02481076425215956,
        "n": 10
      },
      "ece": {
        "mean": 0.03026315789473684,
        "std": 0.022620696417943204,
        "n": 10
      },
      "brier": {
        "mean": 0.026644736842105263,
        "std": 0.02221308291596596,
        "n": 10
      }
    }
  }
}