{
  "per_seed": [
    {
      "seed": 1,
      "results": {
        "naive_unanimous": {
          "n_committed": 23,
          "n_correct_committed": 23,
          "precision_at_commit": 1.0,
          "coverage": 0.4339622641509434,
          "ece": 0.2075471698113208,
          "brier": 0.18160377358490565
        },
        "naive_majority": {
          "n_committed": 29,
          "n_correct_committed": 29,
          "precision_at_commit": 1.0,
          "coverage": 0.5471698113207547,
          "ece": 0.2075471698113208,
          "brier": 0.18160377358490565
        },
        "dajv": {
          "n_committed": 29,
          "n_correct_committed": 29,
          "precision_at_commit": 1.0,
          "coverage": 0.5471698113207547,
          "ece": 0.11247004736447513,
          "brier": 0.13074789871553505
        },
        "care": {
          "n_committed": 23,
          "n_correct_committed": 9,
          "precision_at_commit": 0.391304347826087,
          "coverage": 0.4339622641509434,
          "ece": 0.6132075471698114,
          "brier": 0.6745283018867925
        }
      }
    },
    {
      "seed": 2,
      "results": {
        "naive_unanimous": {
          "n_committed": 20,
          "n_correct_committed": 20,
          "precision_at_commit": 1.0,
          "coverage": 0.37735849056603776,
          "ece": 0.16037735849056606,
          "brier": 0.125
        },
        "naive_majority": {
          "n_committed": 25,
          "n_correct_committed": 25,
          "precision_at_commit": 1.0,
          "coverage": 0.4716981132075472,
          "ece": 0.16037735849056606,
          "brier": 0.125
        },
        "dajv": {
          "n_committed": 25,
          "n_correct_committed": 25,
          "precision_at_commit": 1.0,
          "coverage": 0.4716981132075472,
          "ece": 0.02048907289393428,
          "brier": 0.07625781560768707
        },
        "care": {
          "n_committed": 24,
          "n_correct_committed": 5,
          "precision_at_commit": 0.20833333333333334,
          "coverage": 0.4528301886792453,
          "ece": 0.6226415094339622,
          "brier": 0.660377358490566
        }
      }
    },
    {
      "seed": 3,
      "results": {
        "naive_unanimous": {
          "n_committed": 25,
          "n_correct_committed": 25,
          "precision_at_commit": 1.0,
          "coverage": 0.4716981132075472,
          "ece": 0.19339622641509435,
          "brier": 0.16627358490566038
        },
        "naive_majority": {
          "n_committed": 30,
          "n_correct_committed": 30,
          "precision_at_commit": 1.0,
          "coverage": 0.5660377358490566,
          "ece": 0.19339622641509435,
          "brier": 0.16627358490566038
        },
        "dajv": {
          "n_committed": 30,
          "n_correct_committed": 30,
          "precision_at_commit": 1.0,
          "coverage": 0.5660377358490566,
          "ece": 0.09464404718328785,
          "brier": 0.1144008868488606
        },
        "care": {
          "n_committed": 21,
          "n_correct_committed": 8,
          "precision_at_commit": 0.38095238095238093,
          "coverage": 0.39622641509433965,
          "ece": 0.6509433962264152,
          "brier": 0.7028301886792453
        }
      }
    },
    {
      "seed": 4,
      "results": {
        "naive_unanimous": {
          "n_committed": 21,
          "n_correct_committed": 20,
          "precision_at_commit": 0.9523809523809523,
          "coverage": 0.39622641509433965,
          "ece": 0.24528301886792453,
          "brier": 0.21226415094339623
        },
        "naive_majority": {
          "n_committed": 31,
          "n_correct_committed": 30,
          "precision_at_commit": 0.967741935483871,
          "coverage": 0.5849056603773585,
          "ece": 0.24528301886792453,
          "brier": 0.21226415094339623
        },
        "dajv": {
          "n_committed": 33,
          "n_correct_committed": 32,
          "precision_at_commit": 0.9696969696969697,
          "coverage": 0.6226415094339622,
          "ece": 0.12369265246574503,
          "brier": 0.16796173647310392
        },
        "care": {
          "n_committed": 18,
          "n_correct_committed": 9,
          "precision_at_commit": 0.5,
          "coverage": 0.33962264150943394,
          "ece": 0.6037735849056605,
          "brier": 0.6886792452830188
        }
      }
    },
    {
      "seed": 5,
      "results": {
        "naive_unanimous": {
          "n_committed": 28,
          "n_correct_committed": 27,
          "precision_at_commit": 0.9642857142857143,
          "coverage": 0.5283018867924528,
          "ece": 0.2169811320754717,
          "brier": 0.19339622641509435
        },
        "naive_majority": {
          "n_committed": 31,
          "n_correct_committed": 30,
          "precision_at_commit": 0.967741935483871,
          "coverage": 0.5849056603773585,
          "ece": 0.2169811320754717,
          "brier": 0.19339622641509435
        },
        "dajv": {
          "n_committed": 33,
          "n_correct_committed": 32,
          "precision_at_commit": 0.9696969696969697,
          "coverage": 0.6226415094339622,
          "ece": 0.12863170705697677,
          "brier": 0.1378024612096988
        },
        "care": {
          "n_committed": 19,
          "n_correct_committed": 8,
          "precision_at_commit": 0.42105263157894735,
          "coverage": 0.3584905660377358,
          "ece": 0.669811320754717,
          "brier": 0.7122641509433962
        }
      }
    },
    {
      "seed": 6,
      "results": {
        "naive_unanimous": {
          "n_committed": 21,
          "n_correct_committed": 21,
          "precision_at_commit": 1.0,
          "coverage": 0.39622641509433965,
          "ece": 0.16509433962264153,
          "brier": 0.1615566037735849
        },
        "naive_majority": {
          "n_committed": 24,
          "n_correct_committed": 24,
          "precision_at_commit": 1.0,
          "coverage": 0.4528301886792453,
          "ece": 0.16509433962264153,
          "brier": 0.1615566037735849
        },
        "dajv": {
          "n_committed": 25,
          "n_correct_committed": 25,
          "precision_at_commit": 1.0,
          "coverage": 0.4716981132075472,
          "ece": 0.07839629135544414,
          "brier": 0.12763298944659623
        },
        "care": {
          "n_committed": 26,
          "n_correct_committed": 8,
          "precision_at_commit": 0.3076923076923077,
          "coverage": 0.49056603773584906,
          "ece": 0.5471698113207547,
          "brier": 0.5943396226415094
        }
      }
    },
    {
      "seed": 7,
      "results": {
        "naive_unanimous": {
          "n_committed": 29,
          "n_correct_committed": 29,
          "precision_at_commit": 1.0,
          "coverage": 0.5471698113207547,
          "ece": 0.24056603773584906,
          "brier": 0.22287735849056603
        },
        "naive_majority": {
          "n_committed": 33,
          "n_correct_committed": 33,
          "precision_at_commit": 1.0,
          "coverage": 0.6226415094339622,
          "ece": 0.24056603773584906,
          "brier": 0.22287735849056603
        },
        "dajv": {
          "n_committed": 33,
          "n_correct_committed": 33,
          "precision_at_commit": 1.0,
          "coverage": 0.6226415094339622,
          "ece": 0.1830441854267443,
          "brier": 0.1753232279578242
        },
        "care": {
          "n_committed": 19,
          "n_correct_committed": 11,
          "precision_at_commit": 0.5789473684210527,
          "coverage": 0.3584905660377358,
          "ece": 0.669811320754717,
          "brier": 0.7311320754716981
        }
      }
    },
    {
      "seed": 8,
      "results": {
        "naive_unanimous": {
          "n_committed": 23,
          "n_correct_committed": 22,
          "precision_at_commit": 0.9565217391304348,
          "coverage": 0.4339622641509434,