{
  "exever": {
    "n": 500,
    "accuracy": 0.834,
    "ece": 0.17719999999999997,
    "mce": 0.26620689655172414,
    "brier": 0.16068000000000002,
    "auroc": 0.6052266620438589,
    "risk_coverage_auc": 0.15196750864015887
  },
  "sgrv": {
    "n": 500,
    "accuracy": 0.804,
    "ece": 0.39208614718614726,
    "mce": 0.7672727272727273,
    "brier": 0.3468593942186241,
    "auroc": 0.8210097471824549,
    "risk_coverage_auc": 0.06157376305551874
  },
  "comparison": {
    "ece_improvement": -0.2148861471861473,
    "brier_improvement": -0.1861793942186241,
    "auroc_improvement": 0.215783085138596,
    "rc_auc_improvement": 0.09039374558464014
  }
}