{
  "experiment": "exp10_scaling",
  "n_problems": 300,
  "results": {
    "Qwen2.5-Math-1.5B": {
      "greedy": 0.73,
      "majority_4": 0.7833333333333333,
      "best_of_4": 0.8433333333333334,
      "exever": 0.73,
      "n_verify_pass": 223
    },
    "Qwen2.5-7B-General": {
      "greedy": 0.7033333333333334,
      "majority_4": 0.7733333333333333,
      "best_of_4": 0.8566666666666667,
      "exever": 0.71,
      "n_verify_pass": 162
    },
    "Qwen2.5-Math-7B": {
      "greedy": 0.8366666666666667,
      "majority_4": 0.83,
      "best_of_4": 0.8766666666666667,
      "exever": 0.84
    }
  }
}