{
  "variant": "pbt_only",
  "n_train": 445,
  "n_eval": 50,
  "train_loss": 3.485000221817582,
  "train_runtime_seconds": 299.2166,
  "eval_loss": 2.074770212173462
}